{
  "id": "2901181",
  "name": "rpa",
  "font_family": "iconfont",
  "css_prefix_text": "icon-",
  "description": "",
  "glyphs": [
    {
      "icon_id": "1718359",
      "name": "我的",
      "font_class": "wode",
      "unicode": "e600",
      "unicode_decimal": 58880
    },
    {
      "icon_id": "25513750",
      "name": "我的",
      "font_class": "wode-copy",
      "unicode": "f330",
      "unicode_decimal": 62256
    },
    {
      "icon_id": "1643506",
      "name": "个人中心_我的家庭",
      "font_class": "gerenzhongxin_wodejiating",
      "unicode": "e697",
      "unicode_decimal": 59031
    },
    {
      "icon_id": "3865681",
      "name": "政治",
      "font_class": "zhengzhi",
      "unicode": "e607",
      "unicode_decimal": 58887
    },
    {
      "icon_id": "5285215",
      "name": "航空航天-航天飞机shuttle",
      "font_class": "hangkonghangtian-hangtianfeijishuttle",
      "unicode": "e681",
      "unicode_decimal": 59009
    },
    {
      "icon_id": "19614459",
      "name": "疫情",
      "font_class": "yiqing",
      "unicode": "e668",
      "unicode_decimal": 58984
    },
    {
      "icon_id": "25294766",
      "name": "订阅号",
      "font_class": "dingyuehao-copy",
      "unicode": "f32d",
      "unicode_decimal": 62253
    },
    {
      "icon_id": "1330557",
      "name": "订阅号",
      "font_class": "dingyuehao",
      "unicode": "e736",
      "unicode_decimal": 59190
    },
    {
      "icon_id": "25294728",
      "name": "柱状图",
      "font_class": "zhuzhuangtu-copy",
      "unicode": "f32c",
      "unicode_decimal": 62252
    },
    {
      "icon_id": "25294791",
      "name": "饼状图",
      "font_class": "bingzhuangtu-copy",
      "unicode": "f32e",
      "unicode_decimal": 62254
    },
    {
      "icon_id": "25294806",
      "name": "热度",
      "font_class": "redu-copy",
      "unicode": "f32f",
      "unicode_decimal": 62255
    },
    {
      "icon_id": "3746390",
      "name": "8趋势",
      "font_class": "qushi",
      "unicode": "e771",
      "unicode_decimal": 59249
    },
    {
      "icon_id": "6850544",
      "name": "柱状图",
      "font_class": "zhuzhuangtu",
      "unicode": "e614",
      "unicode_decimal": 58900
    },
    {
      "icon_id": "6850619",
      "name": "饼状图",
      "font_class": "bingzhuangtu",
      "unicode": "e615",
      "unicode_decimal": 58901
    },
    {
      "icon_id": "15417008",
      "name": "热度",
      "font_class": "redu",
      "unicode": "e61a",
      "unicode_decimal": 58906
    },
    {
      "icon_id": "20417761",
      "name": "楼房",
      "font_class": "loufang",
      "unicode": "f32b",
      "unicode_decimal": 62251
    },
    {
      "icon_id": "1505555",
      "name": "旅游",
      "font_class": "lvyou",
      "unicode": "e601",
      "unicode_decimal": 58881
    },
    {
      "icon_id": "1841675",
      "name": "军事",
      "font_class": "junshi",
      "unicode": "e624",
      "unicode_decimal": 58916
    },
    {
      "icon_id": "3762530",
      "name": "金融",
      "font_class": "jinrong",
      "unicode": "e649",
      "unicode_decimal": 58953
    },
    {
      "icon_id": "4770043",
      "name": "游戏",
      "font_class": "youxi",
      "unicode": "e60f",
      "unicode_decimal": 58895
    },
    {
      "icon_id": "5017287",
      "name": "汽车",
      "font_class": "qiche",
      "unicode": "e62d",
      "unicode_decimal": 58925
    },
    {
      "icon_id": "5158730",
      "name": "S-农业",
      "font_class": "S-nongye",
      "unicode": "e61b",
      "unicode_decimal": 58907
    },
    {
      "icon_id": "6850408",
      "name": "互联网",
      "font_class": "hulianwang",
      "unicode": "e602",
      "unicode_decimal": 58882
    },
    {
      "icon_id": "7519238",
      "name": "教育",
      "font_class": "jiaoyu",
      "unicode": "e675",
      "unicode_decimal": 58997
    },
    {
      "icon_id": "12257653",
      "name": "文化生活",
      "font_class": "wenhuashenghuo",
      "unicode": "e61d",
      "unicode_decimal": 58909
    },
    {
      "icon_id": "12319718",
      "name": "文化、体育和娱乐业",
      "font_class": "tiyu",
      "unicode": "e644",
      "unicode_decimal": 58948
    },
    {
      "icon_id": "16153348",
      "name": "国际商标",
      "font_class": "guojishangbiao",
      "unicode": "e609",
      "unicode_decimal": 58889
    },
    {
      "icon_id": "19449156",
      "name": "娱乐",
      "font_class": "yule",
      "unicode": "e631",
      "unicode_decimal": 58929
    }
  ]
}
